title,type,listed_in,rating,similarity_score,similarity_percentage
S.W.A.T.,Movie,Action & Adventure,PG-13,0.4575462745092962,45.75
Ghost Rider,Movie,"Action & Adventure, Sci-Fi & Fantasy",PG-13,0.38403815621880516,38.4
Kung Fu Panda: Holiday,Movie,"Children & Family Movies, Comedies",TV-PG,0.38393720384200536,38.39
Star Wars: Episode VIII: The Last Jedi,Movie,"Action & Adventure, Children & Family Movies, Sci-Fi & Fantasy",PG-13,0.3614925317025832,36.15
The Debt Collector 2,Movie,Action & Adventure,TV-MA,0.3596781496255216,35.97
Carrie Pilby,Movie,"Comedies, Dramas",TV-MA,0.3574994630674541,35.75
NOVA: Killer Floods,Movie,Documentaries,TV-PG,0.3556342571563684,35.56
She Did That,Movie,Documentaries,TV-PG,0.3556342571563684,35.56
Alex Strangelove,Movie,"Comedies, Dramas, Independent Movies",TV-MA,0.3549979055174344,35.5
"Love, Guaranteed",Movie,"Comedies, Independent Movies, Romantic Movies",TV-PG,0.34936979137042784,34.94
